"ACCELEROMETER X (m/s²)","ACCELEROMETER Y (m/s²)","ACCELEROMETER Z (m/s²)","GRAVITY X (m/s²)","GRAVITY Y (m/s²)","GRAVITY Z (m/s²)","LINEAR ACCELERATION X (m/s²)","LINEAR ACCELERATION Y (m/s²)","LINEAR ACCELERATION Z (m/s²)","GYROSCOPE X (rad/s)","GYROSCOPE Y (rad/s)","GYROSCOPE Z (rad/s)","LIGHT (lux)","MAGNETIC FIELD X (μT)","MAGNETIC FIELD Y (μT)","MAGNETIC FIELD Z (μT)","azimuth","ORIENTATION X (pitch °)","ORIENTATION Y (roll °)","PROXIMITY (i)","ATMOSPHERIC PRESSURE (hPa)","SOUND LEVEL (dB)","LOCATION Latitude : ","LOCATION Longitude : ","LOCATION Altitude ( m)","LOCATION Altitude-google ( m)","LOCATION Altitude-atmospheric pressure ( m)","LOCATION Speed ( Kmh)","LOCATION Accuracy ( m)","LOCATION ORIENTATION (°)","Time since start in ms ","Time since start in ms ","YYYY-MO-DD HH-MI-SS_SSS"
"3.107674","3.047819","10.030508","2.143755","3.397782","8.945934","0.963919","-0.349964","1.084574","-0.026632","0.037284","-0.079895","1032.0","-32.5","19.2","3.1","58.5946","-20.0695","-13.5671","3.15","1019.7944","71.08676","44.735283","10.766965","249.6964","124.44508680332977","63.3724","25.806452","26.0862","20 / 23",43,"2017-01-29 09:39:43:490",
"2.141614","2.746149","8.505402","2.052402","3.427262","8.95611","0.006612","0.079046","0.981025","-0.002131","-0.036219","-0.088417","1041.0","-32.7","18.7","3.9","60.0931","-20.4557","-12.9072","3.15","1019.7786","71.99822","44.73542","10.767058","258.8054","124.44508680332977","70.3233","25.806452",27751,"20 / 23",544,"2017-01-29 09:39:43:991",
"2.397793","3.148375","8.513782","2.173247","3.357751","8.95393","-0.130993","-0.794758","0.322405","0.02024","0.015979","-0.089482","1036.0","-33.6","18.5","3.8","60.463","-20.1589","-13.6268","3.15","1019.7494","70.27687","44.73542","10.767058","258.8054","124.44508680332977","70.3233","25.806452",27751,"20 / 23",1044,"2017-01-29 09:39:44:491",
"2.576161","3.357868","9.704898","2.171424","3.380274","8.945896","0.611835","0.197861","0.385506","0.009587","-0.023436","-0.08096","1026.0","-34.5","18.4","3.7","61.5648","-20.2804","-13.9919","3.15","1019.7368","71.07917","44.735596","10.767216","271.8451","124.44508680332977","73.6602","25.806452","30.5519","20 / 23",1544,"2017-01-29 09:39:44:991",
"0.275333","3.574543","9.587582","1.123334","3.479351","9.099594","-1.146079","0.123923","-0.536731","-0.033023","0.044741","-0.03835","1011.0","-34.9","17.9","3.7","64.1544","-21.0103","-7.6883","3.15","1019.7084","68.84603","44.735596","10.767216","271.8451","124.44508680332977","73.6602","25.806452","30.5519","20 / 23",2044,"2017-01-29 09:39:45:491",
"1.34195","3.489549","9.31943","0.808864","3.53338","9.112154","0.697089","0.626545","0.57359","-0.022371","0.025566","-0.007457","997.0","-35.4","17.7","3.6","64.9358","-21.1636","-5.0964","3.15","1019.7236","67.6131","44.73574","10.767385",255055,"124.44508680332977","78.2792","25.806452","33.5006","20 / 23",2544,"2017-01-29 09:39:45:991",
"1.194707","3.430891","9.55885","0.763619","3.498379","9.129546","0.125827","-0.439786","0.284456","-0.011718","0.011718","-0.008522","992.0","-35.6","17.7","4.5","65.9386","-20.9045","-5.2377","3.15",1019703,"69.53127","44.73574","10.767385",255055,"124.44508680332977","78.2792","25.806452","33.5006","20 / 23",3044,"2017-01-29 09:39:46:491",
"0.353145","3.234567","8.871716","0.659817","3.547116","9.118826","0.618686","0.059749","0.377776","0.021305","0.028762","-0.012783","978.0","-36.1","17.7","4.1","65.8087","-21.1972","-4.0509","3.15","1019.6702","67.53408","44.73574","10.767385",255055,"124.44508680332977","78.2792","25.806452","33.5006","20 / 23",3544,"2017-01-29 09:39:46:991",
"0.434548","3.791218","9.844958","0.602095","3.473528","9.151092","-0.71582","-0.240159","0.362269","0.039415","0.014914","0.007457","981.0","-35.9","17.7","3.8","65.9767","-21.1031","-3.3971","3.15","1019.6472","69.42867","44.7359","10.76757","244.7067","124.44508680332977","82.5625","25.806452","35.6783","20 / 23",4044,"2017-01-29 09:39:47:491",
"0.187945","2.913744","9.400834","0.463221","3.198601","9.258766","0.378341","-0.192681","-0.140449","-0.012783","-0.04048","0.004261","974.0","-35.9","17.5","4.6","66.193","-19.0363","-2.8642","3.15","1019.6412","68.06439","44.73605","10.76776","243.8001","124.44508680332977",88122,"25.806452","37.1701","20 / 23",4544,"2017-01-29 09:39:47:991",
"-0.418985","3.379416","8.870518","0.709474","3.093891","9.278732","-0.869885","0.619516","-0.366316","-0.024501","0.046872","0.002131","953.0","-36.1","17.8","5.2","65.8084","-18.5611","-4.0802","3.15","1019.6324","69.23418","44.73605","10.76776","243.8001","124.44508680332977",88122,"25.806452","37.1701","20 / 23",5044,"2017-01-29 09:39:48:491",
"1.127669","3.131616","9.677364","0.6666","3.028938","9.303308","0.45269","0.154154","0.76431","0.025566","-0.024501","0.002131","937.0","-36.1","17.8","4.9","65.7317","-18.0179","-3.9836","3.15","1019.6182","67.45113","44.73622","10.767972","242.6707","124.44508680332977","90.8601","25.806452","38.1426","20 / 23",5543,"2017-01-29 09:39:48:990",
"1.321599","2.319981","8.45273","0.549555","3.016029","9.315146","-0.004874","-0.345297","-0.657711","-0.021305","0.022371","0.003196","942.0","-36.1","17.8","5.4","65.7983","-17.8021","-3.5181","3.15","1019.6124","66.3638","44.73622","10.767972","242.6707","124.44508680332977","90.8601","25.806452","38.1426","20 / 23",6043,"2017-01-29 09:39:49:490",
"0.833182","2.776077","8.286332","0.57641","2.856777","9.363598","0.032914","-0.205199","-1.632719","-0.030893","0.009587","0.011718","954.0","-36.0","17.9","5.0","65.7411","-17.0938","-3.1748","3.15","1019.6322","66.26068","44.73639","10.768193",242947,"124.44508680332977","93.9125","25.806452","38.7003","20 / 23",6543,"2017-01-29 09:39:49:990",
"0.336385","2.36188","7.721301","0.464626","2.756097","9.399918","-0.128241","-0.394217","-1.678616","-0.019175","-0.033023","-0.017044","951.0","-35.3","17.9","5.7","65.5181","-16.4275","-2.7825","3.15","1019.6362","66.23574","44.73639","10.768193",242947,"124.44508680332977","93.9125","25.806452","38.7003","20 / 23",7043,"2017-01-29 09:39:50:490",
"0.150835","2.120066","8.84059","0.69936","2.681954","9.406828","-0.548525","-0.561888","-0.566237","0.026632","-0.053263","-0.008522","926.0","-35.3","18.3","6.5","65.6194","-15.9747","-3.9258","3.15","1019.6068","68.46924","44.736584","10.768413","237.0679","124.44508680332977","94.5273","25.806452","39.1147","20 / 23",7543,"2017-01-29 09:39:50:990",
"-0.642843","1.922544","8.95671","0.707756","2.678967","9.40705","-1.350599","-0.756423","-0.450341","0.022371","-0.082025","-0.012783","911.0","-35.0","18.4","6.5","65.5326","-15.9769","-4.4079","3.15",1019596,"68.01901","44.736584","10.768413","237.0679","124.44508680332977","94.5273","25.806452","39.1147","20 / 23",8044,"2017-01-29 09:39:51:491",
"1.159991","2.70066","9.63786","0.748789","2.605853","9.424396","0.411202","0.094806","0.213465","-0.007457","0.071373","-0.005326","916.0","-34.8","18.4","6.6","65.3506","-15.3788","-4.7311","3.15","1019.5852","69.3342","44.73678","10.768642","234.8945","124.44508680332977","95.9554","25.806452","39.8138","20 / 23",8543,"2017-01-29 09:39:51:990",
"0.744597","2.419341","10.047268","0.583074","2.595101","9.43906","0.550581","-0.233221","0.663275","0.023436","-0.059655","-0.009587","924.0","-35.3","18.1","6.4","65.134",-15345,-3665,"3.15","1019.5818","69.37306","44.73678","10.768642","234.8945","124.44508680332977","95.9554","25.806452","39.8138","20 / 23",9043,"2017-01-29 09:39:52:490",
"-0.240617","2.202666","9.878476","0.755466","2.539561","9.441942","-0.027629","-1.262254","-0.268558","-0.021305","0.018109","-0.009587","911.0","-35.6","18.1","6.4","65.4886","-15.0085","-4.5746","3.15","1019.5934","70.0699","44.73697","10.768863","233.7235","124.44508680332977","97.3444","19.35484","39.8609","20 / 23",9543,"2017-01-29 09:39:52:990",
"0.909797","2.784457","10.418368","0.587847","2.440087","9.480022","-0.089853","0.77772","2.152208","0.027697","-0.08096","-0.003196","919.0","-34.9","17.8","3.8","64.2701","-14.3312","-3.2983","3.15","1019.5592","70.35802","44.73697","10.768863","233.7235","124.44508680332977","97.3444","19.35484","39.8609","20 / 23",10044,"2017-01-29 09:39:53:491",
"0.238223","2.212242","7.557298","0.499623","2.50986","9.466856","-0.239853","-0.045029","-0.804633","-0.014914","-0.002131","0.006392","908.0","-34.9","18.3","7.2","65.6047","-14.9168","-2.5904","3.15","1019.5444","70.15352","44.737156","10.769086","233.7502","124.44508680332977","97.4262","19.35484","40.1336","20 / 23",10544,"2017-01-29 09:39:53:991",
"0.409408","2.505532","9.43076","0.61725","2.482289","9.467188","0.40268","0.199217","0.817106","-0.009587","0.001065","-0.004261","881.0","-34.5","17.3","6.8","66.1208","-14.7137","-3.6567","3.15","1019.5438","68.34145","44.737156","10.769086","233.7502","124.44508680332977","97.4262","19.35484","40.1336","20 / 23",11044,"2017-01-29 09:39:54:491",
"0.493206","2.506729","9.016564","0.587922","2.447888","9.478004","-0.042044","-0.455912","-0.12745","-0.007457","-0.008522","-0.001065","902.0","-35.1","18.2","6.3","64.9359","-14.4631","-3.8386","3.15","1019.5388","68.21739","44.737343","10.769301","233.0757","124.44508680332977","99.1336","19.35484","39.8288","20 / 23",11544,"2017-01-29 09:39:54:991",
"0.12809","3.095703","8.738836","0.696445","2.484894","9.461006","-0.198451","0.105633","-0.45402","-0.005326","0.056459","-0.004261","901.0","-35.8","18.0","5.9","65.5223","-14.7189",-4099,"3.15","1019.5348","69.83693","44.737343","10.769301","233.0757","124.44508680332977","99.1336","19.35484","39.8288","20 / 23",12043,"2017-01-29 09:39:55:490",
"0.459687","2.461239","9.821016","0.683777","2.507534","9.455956","0.819782","-0.1265","0.390199","0.002131","-0.004261","-0.012783","918.0","-36.4","19.5","7.6","63.7741","-14.7334","-4.1277","3.15","1019.5348","69.11832","44.73753","10.769524","231.8959","124.44508680332977","98.1246","19.35484","40.0066","20 / 23",12543,"2017-01-29 09:39:55:990",
"0.650026","2.728193","10.348938","0.623998","2.470115","9.469928","0.576694","-0.256675","0.54023","0.030893","-0.050067","-0.004261","921.0","-35.3","18.8","8.0","64.4655","-14.5581","-3.5207","3.15","1019.5604","69.11173","44.73753","10.769524","231.8959","114.11734466164735","98.1246","19.35484","40.0066","20 / 23",13044,"2017-01-29 09:39:56:491",
"0.785298","2.290054","9.67856","0.593005","2.466452","9.472874","0.192294","-0.176398","0.205687","-0.001065","-0.051133","0.010653","914.0","-34.1","17.3","6.5","65.7649","-14.6095","-3.3186","3.15","1019.5858","68.10443","44.73772","10.7697525","232.6139","114.11734466164735","98.5731","19.35484","39.9973","20 / 23",13543,"2017-01-29 09:39:56:990",
"-0.264559","2.883816","9.132684","0.62762","2.443185","9.476672","-0.892179","0.440631","-0.343989","-0.015979","0.046872","-0.008522","908.0","-34.9","18.1","7.3","65.3638","-14.4888","-3.5258","3.15","1019.6236","68.59717","44.73772","10.7697525","232.6139","114.11734466164735","98.5731","19.35484","39.9973","20 / 23",14044,"2017-01-29 09:39:57:491",
"2.249353","1.892616","9.97664","0.588998","2.42619","9.483516","1.660354","-0.533573","0.493123","-0.031958","0.051133","0.009587","948.0","-36.4","17.8","6.3","65.5433","-14.3239","-3.5539","3.15","1019.6136","68.86833","44.737904","10.76998","232.7921","114.11734466164735","98.8642","19.35484","40.1153","20 / 23",14544,"2017-01-29 09:39:57:991",
"0.509965","2.190695","9.167398","0.676458","2.366259","9.49282","-0.676458","0.159624","-0.297887","-0.015979","-0.066046","-0.001065","943.0","-36.2","17.8","5.7","65.3924","-13.9628",-4076,"3.15","1019.6144","69.27019","44.737904","10.76998","232.7921","114.11734466164735","98.8642","19.35484","40.1153","20 / 23",15044,"2017-01-29 09:39:58:491",
"0.497994","2.217031","9.451112","0.539471","2.328805","9.510838","-0.041477","-0.111774","-0.059726","0.037284","-0.057524","-0.002131","943.0","-36.2","18.0","5.4","65.1547","-13.8639","-3.2878","3.15","1019.5884","68.8823","44.738094","10.770205","232.2517","114.11734466164735","99.1338","19.35484","40.0884","20 / 23",15543,"2017-01-29 09:39:58:990",
"0.372298","2.133234","8.632296","0.628522","2.26547","9.52066","0.129243","0.127535","-0.82492","-0.027697","0.041545","-0.007457","938.0","-36.4","18.0","5.8","65.3221",-13397,"-3.9","3.15","1019.6124","68.71771","44.738094","10.770205","232.2517","114.11734466164735","99.1338","19.35484","40.0884","20 / 23",16044,"2017-01-29 09:39:59:491",
"2.169147","2.061408","9.722854","0.677432","2.295033","9.510222","-1.01262","0.206908","0.352694","-0.012783","0.043676","0.011718","943.0","-36.3","17.9","5.5","65.2935","-13.5271","-4.2255","3.15",1019589,"68.86219","44.738285","10.770437","231.6821","114.11734466164735","99.4372","19.35484","39.8724","20 / 22",16544,"2017-01-29 09:39:59:991",
"0.768539","2.020706","10.304646","0.578515","2.162515","9.547734","0.368392","-0.348907","0.774866","-0.004261","-0.095874","0.0","950.0","-36.3","17.7","5.2","64.9492","-12.7393","-3.4674","3.15","1019.5846","68.91326","44.738285","10.770437","231.6821","114.11734466164735","99.4372","19.35484","39.8724","20 / 22",17044,"2017-01-29 09:40:00:491",
"1.098939","2.212242","9.593566","0.620715","1.839898","9.612486","0.478224","0.372344","-0.018919","0.035154","-0.066046","-0.005326","943.0","-36.1","17.8","5.0","64.6594",-10964,"-3.7129","3.15","1019.5882","68.79805","44.73848","10.770663","231.4564","114.11734466164735","99.3078","19.35484","39.9941","20 / 22",17543,"2017-01-29 09:40:00:990",
"0.205901","2.029086","9.9515","0.637251","1.897694","9.60016","-0.009971","-0.169081","-0.457899","-0.001065","-0.057524","-0.006392","943.0","-36.3","17.8","4.8","64.7069",-11321,"-3.7243","3.15",1019625,"68.09571","44.73848","10.770663","231.4564","114.11734466164735","99.3078","19.35484","39.9941","20 / 22",18043,"2017-01-29 09:40:01:490",
"0.17358","1.906982","9.97185","0.494248","1.987069","9.5905","-0.320668","-0.080087","0.381351","0.011718","0.001065","0.003196","947.0","-36.3","17.9","5.1","64.8708","-11.7877","-3.0035","3.15","1019.6506","68.42877","44.73866","10.770882","231.1144","114.11734466164735","97.4326","19.35484","40.1444","20 / 22",18544,"2017-01-29 09:40:01:991",
"-0.316035","2.614468","9.828198","0.700968","2.106523","9.552048","-1.017002","0.507945","0.276152","0.023436","0.034088","0.003196","948.0","-36.3","17.7","4.8","64.8377","-12.7099","-4.1674","3.15",1019691,"68.64432","44.73866","10.770882","231.1144","114.11734466164735","97.4326","19.35484","40.1444","20 / 22",19044,"2017-01-29 09:40:02:491",
"-0.069432","2.379837","8.888474","0.708095","2.194192","9.531764","-0.105953","0.165294","-0.613361","0.008522","0.04048","-0.003196","938.0","-36.5","17.8","4.9","64.8561","-12.9291","-4.2486","3.15","1019.6874","67.42443","44.738846","10.771096","229.4636","114.11734466164735","96.6423","19.35484","40.0472","20 / 22",19544,"2017-01-29 09:40:02:991",
"0.04549","2.790442","9.6211","0.679732","2.267972","9.516546","-0.659381","0.338117","-0.702292","0.024501","0.022371","-0.005326","927.0","-36.4","17.6","5.1","65.0723","-13.5512","-3.4843","3.15",1019688,"68.65692","44.738846","10.771096","229.4636","114.11734466164735","96.6423","19.35484","40.0472","20 / 22",20044,"2017-01-29 09:40:03:491",
"-0.067038","2.658761","9.399636","0.597306","2.265756","9.522602","-0.229796","0.237382","0.641981","0.013848","-0.015979","0.002131","950.0","-36.2","17.6","5.0","65.0827","-13.4775","-3.3482","3.15","1019.6612","68.24619","44.739025","10.771313","228.0667","114.11734466164735","95.9677","19.35484","39.8995","20 / 22",20543,"2017-01-29 09:40:03:990",
"0.548272","2.772486","10.09156","0.635029","2.271263","9.51885","-0.421945","0.549107","-0.203011","0.009587","-0.005326","0.001065","948.0","-36.1","17.5","5.1","65.0056","-13.4621","-3.8078","3.15","1019.6838","67.48078","44.739025","10.771313","228.0667","114.11734466164735","95.9677","19.35484","39.8995","20 / 22",21046,"2017-01-29 09:40:04:493",
"0.503979","2.239776","9.652226","0.662141","2.241137","9.52414","0.247656","0.259607","-0.075423","0.011718","-0.017044","-0.001065","945.0","-36.5","17.8","5.5","65.0207","-13.4142","-3.6701","3.15","1019.6852","68.17664","44.73922","10.771534","227.9643","114.11734466164735","95.8084","19.35484","39.9016","20 / 22",21543,"2017-01-29 09:40:04:990",
"-0.216675","2.337938","9.894038","0.544206","2.316795","9.5135","0.375168","0.085787","0.30153","0.019175","-0.04048","-0.017044","943.0","-36.3","17.6","5.4","65.1457","-13.7731","-3.2532","3.15","1019.7","66.70967","44.73922","10.771534","227.9643","114.11734466164735","95.8084","19.35484","39.9016","20 / 22",22043,"2017-01-29 09:40:05:490",
"0.997185","2.190695","9.579202","0.68062","2.241464","9.52276","0.275864","0.120416","0.59753","0.021305","-0.047937","-0.003196","938.0","-36.2","17.6","4.9","64.8329","-12.9061","-4.3742","3.15",1019698,"68.3384","44.739395","10.771739","227.2916","114.11734466164735","95.4967","19.35484","39.9539","20 / 22",22543,"2017-01-29 09:40:05:990",
"0.960075","1.966837","9.694122","0.640825","2.310787","9.508944","-0.539071","-0.430141","-0.306828","0.001065","-0.071373","-0.004261","943.0","-36.3","17.6","5.4","64.8701","-13.4074",-4577,"3.15",1019704,"68.17305","44.739395","10.771739","227.2916","114.11734466164735","95.4967","19.35484","39.9539","20 / 22",23043,"2017-01-29 09:40:06:490",
"0.774524","2.148796","9.707292","0.734527","2.164053","9.536652","0.486516","0.152337","-0.1023","0.011718","-0.045806","0.0","928.0","-36.4","17.7","4.9","64.8634","-12.9325","-4.2055","3.15","1019.7232","68.36392","44.73958","10.771952","226.2121","114.11734466164735","95.0165","19.35484","39.8323","20 / 22",23544,"2017-01-29 09:40:06:991",
"0.356736","2.104504","10.509348","0.719801","2.123853","9.546806","0.373152","0.759963","0.07549","-0.026632","0.015979","-0.007457","923.0","-36.4","17.6","5.4","65.1308","-12.6156","-4.3042","3.15","1019.7446","67.67542","44.73958","10.771952","226.2121","114.11734466164735","95.0165","19.35484","39.8323","20 / 22",24043,"2017-01-29 09:40:07:490",
"0.806846","1.960851","8.68377","0.610706","2.204598","9.536098","0.19614","-0.243747","-0.852328","-0.012783","-0.023436","-0.001065","945.0","-36.2","17.6","5.1","64.9837","-13.1112","-3.6114","3.15","1019.7512","69.67224","44.739758","10.772163","226.0676","114.11734466164735","94.4333","19.35484","39.8859","20 / 22",24544,"2017-01-29 09:40:07:991",
"0.865504","1.553837","8.48984","0.621733","2.137446","9.550662","-0.378722","-0.522557","-0.445513","0.009587","0.018109","-0.004261","950.0","-36.2","17.6","5.2","64.9027","-12.7197","-3.7542","3.15","1019.7574","68.12059","44.739758","10.772163","226.0676","114.11734466164735","94.4333","19.35484","39.8859","20 / 22",25043,"2017-01-29 09:40:08:490",
"0.543484","2.49835","9.665392","0.721055","2.188677","9.53206","-0.003991","0.363542","0.417046","0.010653","-0.007457","-0.003196","943.0","-36.3","17.7","5.4","64.8932","-13.0195","-4.0966","3.15","1019.7826","68.38173","44.739933","10.772372","226.4217","114.11734466164735","93.6013","19.35484","40.0069","20 / 22",25544,"2017-01-29 09:40:08:991",
"0.751779","2.221819","9.07642","0.705967","2.161516","9.539384","0.045812","0.060303","-0.462964","0.006392","-0.007457","-0.010653","940.0","-36.1","17.5","4.9","64.8309","-12.7333","-4.2325","3.15","1019.7998","67.88454","44.739933","10.772372","226.4217","114.11734466164735","93.6013","19.35484","40.0069","20 / 22",26044,"2017-01-29 09:40:09:491",
"0.398635","2.606089","9.973048","0.714602","2.108857","9.550522","-0.315968","0.497232","0.422526","-0.005326","0.027697","-0.003196","945.0","-36.2","17.5","5.1","64.8197",-12543,"-4.1311","3.15","1019.8088","67.15856","44.740112","10.77258","226.8569","114.11734466164735","93.0514","19.35484","40.0033","20 / 22",26544,"2017-01-29 09:40:09:991",
"0.582988","2.445677","9.391256","0.658688","2.081371","9.560566","0.309767","0.291283","0.247282","-0.003196","0.028762","0.005326","935.0","-36.4","17.6","5.2","64.8115","-12.3745","-4.0275","3.15","1019.8226","67.26573","44.740112","10.77258","226.8569","114.11734466164735","93.0514","19.35484","40.0033","20 / 22",27043,"2017-01-29 09:40:10:490",
"0.536301","2.505532","9.31105","0.612775","2.070968","9.565876","-0.062109","0.046703","-0.285951","0.017044","-0.041545","0.001065","934.0","-36.0","17.6","5.0","64.8685","-12.2124","-3.4782","3.15",1019821,"69.47209","44.740284","10.772788","227.4034","114.11734466164735","92.2505","19.35484","40.0059","20 / 22",27544,"2017-01-29 09:40:10:991",
"1.063026","2.041057","9.985018","0.641874","2.074302","9.563246","0.217644","-0.095494","0.321217","0.012783","-0.004261","0.003196","941.0","-35.9","17.5","5.7","65.0912","-12.0434","-3.9237","3.15","1019.8254","68.19234","44.740284","10.772788","227.4034","114.11734466164735","92.2505","19.35484","40.0059","20 / 22",28043,"2017-01-29 09:40:11:490",
"0.878672","2.631228","10.894814","0.667238","2.154095","9.54385","0.669923","0.038994","0.964302","-0.011718","-0.031958","-0.001065","939.0","-36.9","18.3","5.0","65.3915","-12.5554","-4.1524","3.15","1019.8096","67.60752","44.74046","10.772993","227.8951","114.11734466164735","91.0388","19.35484","40.0701","20 / 22",28543,"2017-01-29 09:40:11:990",
"0.68953","1.962048","9.560048","0.579319","2.097927","9.562086","0.110211","-0.135879","-0.002038","-0.001065","-0.021305","0.004261","948.0","-36.4","17.3","5.6","66.4879","-12.3113","-3.4218","3.15","1019.8114","66.73668","44.74046","10.772993","227.8951","114.11734466164735","91.0388","19.35484","40.0701","20 / 22",29044,"2017-01-29 09:40:12:491",
"1.370681","2.206257","9.774328","0.648775","2.089542","9.559462","-0.462027","-0.151436","-0.357347","-0.007457","0.015979","0.008522","943.0","-36.0","17.7","5.2","64.8406","-12.3518","-3.8097","3.15",1019824,"69.07167","44.740627","10.773195","228.4194","114.11734466164735","89.8704","19.35484","39.8993","20 / 22",29543,"2017-01-29 09:40:12:990",
"0.20231","2.121263","9.83179","0.667721","2.098802","9.556128","-0.024877","-0.346246","-0.114593","0.017044","-0.012783","-0.004261","945.0","-36.1","17.7","4.7","64.8469","-12.4549","-3.8675","3.15","1019.8546","67.43041","44.740627","10.773195","228.4194","114.11734466164735","89.8704","19.35484","39.8993","20 / 22",30043,"2017-01-29 09:40:13:490",
"0.433351","1.774103","9.379286","0.616504","1.850863","9.610652","-0.183153","-0.07676","-0.231366","0.021305","0.007457","0.005326","958.0","-35.9","17.6","5.1","64.6841","-10.8974","-3.4437","3.15","1019.8714","68.24033","44.7408","10.7733965",228835,"114.11734466164735","88.9684","19.35484","39.9668","20 / 22",30544,"2017-01-29 09:40:13:991",
"0.342371","1.740585","9.624692","0.669926","1.860713","9.605172","-0.092923","-0.110552","-0.100191","-0.002131","0.047937","-0.005326","945.0","-36.1","17.6","5.3","64.6122",-10891,"-4.0071","3.15","1019.8902","69.31998","44.7408","10.7733965",228835,"114.11734466164735","88.9684","19.35484","39.9668","20 / 22",31043,"2017-01-29 09:40:14:490",
"0.707487","2.229002","9.83179","0.582488","1.880819","9.606956","0.124999","0.348183","0.224833","0.007457","-0.036219","0.002131","953.0","-35.9","17.5","4.9","64.7324","-11.2088","-3.4082","3.15","1019.9114","70.0546","44.74097","10.773599","229.2745","114.11734466164735","87.7132","19.35484","40.0431","20 / 22",31543,"2017-01-29 09:40:14:990",
"0.559046","1.690306","8.951922","0.67348","1.704812","9.633818","-0.370614","-0.433491","-0.780059","0.011718","0.006392","0.009587","939.0","-36.0","17.7","4.9","64.5354","-10.3488","-4.0632","3.15","1019.6838","67.23233","44.74097","10.773599","229.2745","114.11734466164735","87.7132","19.35484","40.0431","20 / 22",32043,"2017-01-29 09:40:15:490",
"0.979229","1.703475","9.301474","0.697695","1.35598","9.68736","0.564049","-0.306122","-0.089005","-0.009587","0.043676","-0.006392","928.0","-36.9","18.9","6.3","63.8095","-7.8762",-4098,"3.15","1019.9654","68.23096","44.741135","10.77379","229.6532","114.11734466164735","85.0432","19.35484","39.8268","20 / 22",32544,"2017-01-29 09:40:15:991",
"0.663194","1.182736","10.030508","0.606144","1.183851","9.716042","-0.309263","-0.232156","-0.588147","0.008522","-0.015979","0.0","941.0","-35.4","18.7","7.4","62.69","-7.0197","-3.3297","3.15","1019.9814","69.08078","44.741135","10.77379","229.6532","114.11734466164735","85.0432","19.35484","39.8268","20 / 22",33044,"2017-01-29 09:40:16:491",
"0.837971","0.720655","10.568008","0.670211","0.796686","9.75123","0.16776","-0.076031","0.816776","-0.027697","0.03835","-0.001065","902.0","-35.2","17.5","7.2","64.915","-4.6411","-3.6592","3.15","1019.9866","69.29848","44.741295","10.773979","229.8086","114.11734466164735","83.8427","19.35484","40.1637","20 / 22",33543,"2017-01-29 09:40:16:990",
"0.457293","0.986411","9.42238","0.529422","0.593692","9.774336","0.292986","0.459757","0.788882","0.015979","-0.006392","0.001065","944.0","-34.8","17.5","7.1","63.4418","-3.4708","-3.1004","3.15","1020.0394","64.95972","44.741295","10.773979","229.8086","114.11734466164735","83.8427","19.35484","40.1637","20 / 22",34044,"2017-01-29 09:40:17:491",
"0.981623","0.258574","9.709686","0.523728","0.416842","9.78378","0.457895","-0.158268","-0.074094","0.013848","-0.033023","0.002131","942.0","-36.0","17.6","6.2","63.8456","-2.4361","-3.0641","3.15","1020.0884","68.66809","44.741447","10.774157",229465,"114.11734466164735","75.5264","19.35484","40.0233","20 / 22",34543,"2017-01-29 09:40:17:990",
"0.678756","-0.803255","9.491814","0.521666","-0.469373","9.78151","-0.611449","0.073133","-0.038305","-0.023436","-0.008522","-0.001065","933.0","-36.0","17.9","5.7","63.4145","2.3297","-3.0588","3.15","1020.1144","67.6994","44.741447","10.774157",229465,"107.73703822150308","75.5264","19.35484","40.0233","20 / 22",35044,"2017-01-29 09:40:18:491",
"1.033098","-1.154005","10.374076","0.662456","-0.476235","9.772654","-0.230302","0.193719","1.445379","0.010653","0.0","-0.006392","930.0","-36.4","18.0","5.4","63.4664","2.7739","-3.8687","3.15","1020.1392","66.68958","44.74158","10.774312","229.5066","107.73703822150308",67204,"19.35484","39.8403","20 / 22",35544,"2017-01-29 09:40:18:991",
"0.630872","-0.160411","9.442732","0.702869","-0.39463","9.773466","-0.071997","0.234218","-0.330734","-0.006392","0.001065","-0.006392","928.0","-36.5","17.9","5.4","63.4959","2.2262","-4.0058","3.15","1020.2102","67.62284","44.74158","10.774312","229.5066","107.73703822150308",67204,"19.35484","39.8403","20 / 22",36043,"2017-01-29 09:40:19:490",
"1.483208","0.4956","9.941922","1.600285","0.240002","9.672222","-0.042857","-0.442312","-2.011974","-0.031958","-0.072438","-0.074569","930.0","-36.3","17.7","5.6","63.7627",-999,"-8.2995","3.15",1020249,"67.97495","44.74169","10.774447","229.8616","107.73703822150308","57.5378","19.35484",39872,"20 / 22",36544,"2017-01-29 09:40:19:991",
"3.83192","0.363919","10.34774","3.025015","0.333748","9.32246","0.772189","-0.158972","1.037251","-0.036219","-0.069242","-0.16192","906.0","-37.0","17.4","5.8","65.1491","-1.9447","-17.5789","3.15","1020.2894","65.64827","44.74169","10.774447","229.8616","107.73703822150308","57.5378","19.35484",39872,"20 / 22",37043,"2017-01-29 09:40:20:490",
"3.930082","1.695095","9.89763","3.675229","1.403472","8.982946","-0.265885","-0.048353","-0.076516","-0.04048","-0.085221","-0.201335","881.0","-38.6","16.3","5.9","66.0021","-8.0677","-21.9229","3.15","1020.3076","67.8414","44.741802","10.774583","230.8684","107.73703822150308","50.9359","25.806452","41.9352","20 / 22",37544,"2017-01-29 09:40:20:991",
"4.19943","1.715446","9.888054","3.850468","1.40457","8.909064","0.348962","0.310875","0.978989","0.028762","-0.109722","-0.246076","858.0","-40.2","14.9","6.0","67.3319","-8.2346","-23.3738","3.15","1020.3312","66.75324","44.741802","10.774583","230.8684","107.73703822150308","50.9359","25.806452","41.9352","20 / 22",38044,"2017-01-29 09:40:21:491",
"4.179079","1.355118","9.485828","3.962936","1.416255","8.85775","0.216143","-0.061137","0.628078","-0.006392","-0.057524","-0.250337","843.0","-41.4","13.1","6.0","70.0568","-8.2932","-23.9843","3.15","1020.3396","64.1035","44.74188","10.77474",232502,"107.73703822150308","47.6246","25.806452","59.0383","20 / 22",38544,"2017-01-29 09:40:21:991",
"3.174712","1.431733","9.03931","3.389488","1.679302","9.047746","-0.27104","-0.142225","0.544624","-0.022371","-0.064981","-0.191748","826.0","-42.2","11.0","6.3","73.3051",-9619,"-20.8844","3.15","1020.3394","67.37116","44.74188","10.77474",232502,"107.73703822150308","47.6246","25.806452","59.0383","20 / 22",39043,"2017-01-29 09:40:22:490",
"0.702698","1.997961","9.47266","1.509061","1.980269","9.485338","-0.10127","0.441466","-0.161119","0.002131","0.107592","-0.079895","826.0","-42.7","9.4","6.4","78.2028","-11.7165","-9.5802","3.15","1020.3328","65.93309","44.74192","10.774896","234.0018","107.73703822150308","46.0697","25.806452","73.6806","20 / 22",39544,"2017-01-29 09:40:22:991",
"-0.918176","1.272518","8.990228","-0.086002","2.057083","9.588086","-0.548461","-0.243475","-0.09388","-0.005326","0.010653","0.042611","825.0","-42.6","8.9","6.5","80.1789","-11.9423","-0.6442","3.15","1020.3286","63.46851","44.74192","10.774896","234.0018","107.73703822150308","46.0697","25.806452","73.6806","20 / 22",40044,"2017-01-29 09:40:23:491",
"-2.200271","1.818396","9.271546","-1.645196","1.96254","9.46637","0.023125","0.594468","-0.021243","-0.011718","0.044741","0.175769","855.0","-41.9","9.5","6.0","81.1389","-11.4685","9.1389","3.15","1020.3284","65.47522","44.741955","10.77504","234.7461","107.73703822150308","44.1271","25.806452","74.1796","20 / 22",40543,"2017-01-29 09:40:23:990",
"-2.385822","1.971625","9.48104","-1.994902","1.905119","9.4107","-0.671041","-0.147774","-0.058947","0.005326","0.077764","0.210922","865.0","-41.3","11.1","5.8","78.371","-11.2473","11.8117","3.15","1020.3464","63.6761","44.741955","10.77504","234.7461","107.73703822150308","44.1271","25.806452","74.1796","20 / 22",41043,"2017-01-29 09:40:24:490",
"-1.94888","2.926912","9.13388","-2.525905","2.312394","9.189288","-0.215456","-0.031917","0.233092","-0.011718","0.089482","0.236489","908.0","-40.4","13.4","5.4","76.3836","-13.5814",15291,"3.15","1020.3774","62.87563","44.74199","10.775182","236.6858","107.73703822150308","42.6012","25.806452","70.6787","20 / 22",41543,"2017-01-29 09:40:24:990",
"-2.880225","2.394202","9.050082","-2.751939","2.528159","9.06673","-0.583183","-0.410487","0.245518","0.015979","0.051133","0.276969","927.0","-39.2","14.6","5.2","73.6606","-14.5484",16318,"3.15","1020.3722","64.79528","44.74199","10.775182","236.6858","107.73703822150308","42.6012","25.806452","70.6787","20 / 22",42044,"2017-01-29 09:40:25:491",
"-3.318364","2.170344","9.32422","-2.909104","2.523121","9.018946","-0.009428","-0.221096","-0.029915","0.010653","0.069242","0.280165","960.0","-37.3","16.4","4.9","71.4525","-14.9492","17.8979","3.15","1020.3638","65.56479","44.74205","10.775281","238.9136","107.73703822150308","40.6299","25.806452","49.9401","20 / 22",42544,"2017-01-29 09:40:25:991",
"-4.036624","2.009932","9.562442","-3.034919","2.557457","8.967668","-0.569552","0.121655","0.629491","0.001065","0.068177","0.284426","1006.0","-35.1","18.3","4.5","67.309","-15.1749",18834,"3.15","1020.3456","65.51906","44.74205","10.775281","238.9136","107.73703822150308","40.6299","25.806452","49.9401","20 / 22",43044,"2017-01-29 09:40:26:491",
"-3.392584","2.667141","9.854534","-2.921418","2.525833","9.014202","-0.471166","0.141308","0.840332","0.007457","0.109722","0.278034","1004.0","-32.1","19.2","4.7","63.2491","-15.0039","17.7883","3.15","1020.3108","65.33599","44.742146","10.775365",241482,"107.73703822150308","43.5309","25.806452","29.9364","20 / 22",43543,"2017-01-29 09:40:26:990",
"-2.651578","2.981978","9.30267","-2.333292","2.70267","9.133548","0.413142","0.323601","0.404952","0.008522","0.049002","0.223706","1010.0","-29.9","20.4","4.5","60.3435","-15.9761","14.8216","3.15","1020.2988","65.24863","44.742146","10.775365",241482,"107.73703822150308","43.5309","25.806452","29.9364","20 / 22",44044,"2017-01-29 09:40:27:491",
"-0.039504","2.887407","8.90643","-0.943257","2.878777","9.32702","0.903753","0.00863","-0.420588","0.002131","0.022371","0.112918","980.0","-28.5","20.6","4.2","56.6147",-16951,"5.9811","3.15","1020.2876","63.85361","44.74224","10.775412","243.6907","107.73703822150308","43.9591","25.806452","13.9343","20 / 22",44544,"2017-01-29 09:40:27:991",
"-0.323217","3.010709","9.417592","-0.005239","2.947847","9.353104","0.385917","0.065255","-0.037264","0.014914","0.002131","0.049002","952.0","-27.8","21.0","4.8","56.5237","-17.4575","0.1879","3.15","1020.3048","63.62674","44.74224","10.775412","243.6907","107.73703822150308","43.9591","25.806452","13.9343","20 / 22",45044,"2017-01-29 09:40:28:491",
"0.432153","3.040636","8.777144","0.920413","3.003561","9.289878","-0.48826","0.037075","-0.512734","0.0","0.002131","0.002131","924.0","-27.8","20.7","4.6","55.8452","-17.8979","-5.1388","3.15","1020.2872","62.79611","44.742344","10.775447","244.3222","107.73703822150308","46.1798","19.35484","12.7103","20 / 22",45544,"2017-01-29 09:40:28:991",
"3.084929","2.529474","8.846576","2.302597","2.726635","9.134216","0.943941","-0.617343","0.234296","0.015979","-0.087352","-0.110787","911.0","-28.3","21.0","4.3","53.3665","-16.1602","-13.6874","3.15","1020.2674","63.38625","44.742344","10.775447","244.3222","107.73703822150308","46.1798","19.35484","12.7103","20 / 22",46043,"2017-01-29 09:40:29:490",
"3.205836","2.755726","10.309434","3.518012","2.644665","8.763544","-0.312176","0.111061","1.545889","0.015979","-0.039415","-0.196009","940.0","-29.3","20.8","4.1","52.0221","-15.5133","-22.0518","3.15","1020.2892","65.75176","44.742462","10.775481","243.9835","107.73703822150308","48.1145","19.35484","12.7708","20 / 22",46544,"2017-01-29 09:40:29:991",
"4.631583","2.925715","9.651028","3.143631","2.833047","8.846568","-1.819637","0.048375","-1.171955","-0.033023","0.012783","-0.155529","946.0","-30.1","19.7","5.3","55.3404","-16.6945","-19.6219","3.15",1020304,"65.52304","44.742462","10.775481","243.9835","107.73703822150308","48.1145","19.35484","12.7708","20 / 22",47043,"2017-01-29 09:40:30:490",
"2.244564","2.822764","9.985018","2.818538","2.871096","8.943322","-0.573974","-0.048332","1.041696","0.049002","-0.034088","-0.151268","946.0","-32.5","19.4","5.8","59.1332","-16.9209","-17.5339","3.15","1020.3182","66.21875","44.742584","10.775528","243.4779","107.73703822150308","49.3429","19.35484","15.9774","20 / 22",47543,"2017-01-29 09:40:30:990",
"1.854309","3.169923","7.310695","2.882415","2.933885","8.902494","0.407218","0.02894","-0.428216","0.041545","-0.071373","-0.143811","943.0","-33.4","18.6","5.4","59.0331","-17.3788","-18.0097","3.15",1020294,"65.2545","44.742584","10.775528","243.4779","107.73703822150308","49.3429","19.35484","15.9774","20 / 22",48044,"2017-01-29 09:40:31:491",
"3.351883","3.985149","10.473436","2.901881","3.145052","8.823724","-1.719145","-1.399679","-1.795545","0.051133","-0.067112","-0.128897","913.0","-36.2","16.7","6.0","63.6326","-18.7056","-18.2046","3.15","1020.2848","70.50719","44.74269","10.775619","244.1507","107.73703822150308","53.1134","19.35484","32.8884","20 / 22",48544,"2017-01-29 09:40:31:991",
"1.681927","2.773683","7.495049","1.952562","3.275307","9.034946","-0.893127","-0.511201","-2.668763","-0.07883","0.073503","-0.055394","935.0","-35.4","18.6","5.7","62.4983","-19.4443",-12397,"3.15","1020.2716","74.73752","44.74269","10.775619","244.1507","107.73703822150308","53.1134","19.35484","32.8884","20 / 22",49044,"2017-01-29 09:40:32:491",
"0.967258","3.671508","7.946356","1.172985","3.3325","9.148166","0.706463","-0.532481","-1.499887","0.007457","0.013848","-0.019175","940.0","-36.3","18.6","5.6","64.392","-19.7962","-7.6379","3.15","1020.2646","72.59021","44.742805","10.7757225","244.6929","107.73703822150308","55.5829","19.35484","35.1332","20 / 22",49544,"2017-01-29 09:40:32:991",
"0.134075","3.694253","10.55005","0.966233","3.348003","9.16666","0.483456","-0.149349","-1.78773","-0.053263","0.015979","-0.008522","949.0","-35.3","18.0","5.0","64.8806","-19.98","-6.4832","3.15","1020.2494","74.79764","44.742805","10.7757225","244.6929","107.73703822150308","55.5829","19.35484","35.1332","20 / 22",50044,"2017-01-29 09:40:33:491",
"0.470461","4.231752","10.102334","1.063905","3.383458","9.142796","-0.09545","-0.511612","-0.590706","0.0","0.002131","-0.019175","943.0","-35.6","18.0","5.1","65.4584","-20.2781","-6.5727","3.15",1020234,"74.61614","44.742912","10.775839","244.9694","107.73703822150308","59.1056","19.35484","36.5505","20 / 22",50544,"2017-01-29 09:40:33:991",
413,"2.900576","8.147469","0.820984","3.420456","9.154062","0.285137","-0.28046","0.129456","-0.003196","0.013848","-0.088417","918.0","-35.9","17.7","5.2","65.6846","-20.4233","-5.8433","3.15",1020224,"72.8206","44.742912","10.775839","244.9694","107.73703822150308","59.1056","19.35484","36.5505","20 / 22",51044,"2017-01-29 09:40:34:491",
"-0.384269","2.49835","9.126698","-0.190104","3.046621","9.31946","-0.522171","-0.877474","-1.340783","-0.08096","0.056459","-0.498544","828.0","-39.6","11.8","3.6","75.5796","-19.2616","-0.0946","3.15","1020.1992","71.51064","44.743023","10.775971","244.8087","107.73703822150308","63.51","19.35484","37.6335","20 / 22",51544,"2017-01-29 09:40:34:991",
"-0.794875","2.215834","9.182962","-0.648673","2.332377","9.503138","-0.146202","-0.116543","-0.320177","-0.219444","0.023436","-0.561394","434.0","-47.5","-6.6","0.7","98.5465","-15.1556","4.5603","3.15","1020.1558","69.81488","44.743023","10.775971","244.8087","107.73703822150308","63.51","19.35484","37.6335","20 / 22",52043,"2017-01-29 09:40:35:490",
"0.003591","3.469198","9.549274","-0.848835","4.126849","8.855448","0.289789","-0.421822","0.562144","1.275122","-0.030893","-0.377104","173.0","-52.3","1.8","-9.9","84.7421","-24.8684","4.5553","0.0",1020115,"70.72733","44.74315","10.776113","244.3405","107.73703822150308","67.0067","19.35484","38.31","20 / 22",52543,"2017-01-29 09:40:35:990",
"-1.662773","10.884042","6.566098","-0.548906","7.8019","5.916024","-1.055209","3.179106","0.530365","2.255165","0.325971","0.183225","131.0","-43.2","5.3","-4.6","84.9431","-52.7094","5.3009","0.0","1020.1136","71.56197","44.74315","10.776113","244.3405","107.73703822150308","67.0067","19.35484","38.31","20 / 22",53044,"2017-01-29 09:40:36:491",
"2.402582","8.275559","0.786495","1.965169","9.480354","1.559212","0.437413","-1.204795","-0.772717","-0.919323","1.477522","-1.542503","273.0","6.8","-18.1","-25.9","291.0751","-75.9356","-44.3106","0.0","1020.0752","71.50025","44.74327","10.776266","244.5793","107.73703822150308","70.7286","25.806452","39.1051","20 / 22",53544,"2017-01-29 09:40:36:991",
"-4.526238","6.560113","6.361394","-4.39771","7.659233","4.262228","0.668741","-0.398816","0.97868","-1.480717","-2.711098","-0.92465","301.0","8.2","-4.9","-28.5","36.7154","-49.0274","41.1333","3.15","1020.0284","68.91973","44.74327","10.776266","244.5793","107.73703822150308","70.7286","25.806452","39.1051","20 / 22",54043,"2017-01-29 09:40:37:490",
"-1.027112","6.617574","5.027824","-0.767536","7.076576","6.74561","-0.263168","-0.469776","-1.58012","0.279099","0.049002","-0.150202","508.0","-10.1","-1.2","-31.8","32.1136","-45.6887","6.1475","3.15","1019.9696","67.69268","44.743412","10.776435","245.6178","107.73703822150308","74.1136","19.35484","39.1592","20 / 22",54543,"2017-01-29 09:40:37:990",
